D652,1,"1.       Yang, Y.H., Wu, J.C., Li, X.J., Pan, X.Y., Li, Z.J., He, F. Impact of tillage and soil moisture conservation measures on photosynthetic characteristics and water use of winter wheat. Chinese journal of eco-agriculture 22(5), 534-542 (2014). (in Chinese with English abstract).",
D652,2,"2.       Yang, Y.H., Wu, J.C., Pan, X.Y., Zhang, J.M., He, F., Zhang, Y.T., Wang, Z., Wang, Y., Han, W.F. Effect of nitrogen fertilizer application rate on water consumption, yield and water production efficiency of wheat under different tillage and soil moisture conservation measures. Journal of Henan agricultural sciences 45(4), 61-65 (2016). (in Chinese with English abstract).",
D652,3,"3.       Yang, Y.H., Wu, J.C., Wang, H.Q., Guo, Q., He, F. Pan, X.Y. Effects of different measures of tillage and soil moisture conservation on anniversary water use efficiencies of wheat and corn. Journal of irrigation and drainage 33(4/5), 63-66 (2014). (in Chinese with English abstract).",
D652,4,"4.       Yang, Y.H., Wu, J.C., Zhang, Y.T., Pan, X.Y., Ding, J.L., Zhang, J.M., He, F., Wang, Y.E. Effects of tillage, moisture conservation on water use and yield in wheat at different growth stages. Acta agriculture boreal-sinica 31(3), 184-190 (2016). (in Chinese with English abstract).",
D652,5,"5.       Yang, Y.H., Wu, P.T., Wu, J.C., Zhao, S.W., Zhao, X.N., Huang, Z.B., He, F. Impacts of water-retaining agent on soil moisture and water use in different growth stages of winter wheat [J]. Transactions of the CSAE, 26(12): 19-26 (2010). (in Chinese with English abstract).",
D652,6,"6.       Yang Y.H., Wu, J.C., Li. Z.J., Guan, X.J，He, F. Effects of Water-retaining Agent on Growth and Water Use Efficiency of Winter-wheat. Acta agriculture boreal-sinica, 26 (3):173-178 (2011). (in Chinese with English abstract).",
D652,7,"7.       Bai, G.S., Zhang R., Geng, G.J., Du, S.N., Yu, J. Effects of super absorbent polymer on soil moisture content and spring wheat growth in the Hetao irrigated area. Arid zone research 29(3), 393-399 (2012). (in Chinese with English abstract).",
D652,8,"8.       Yang Y.H., Wu, J.C., Li, Z.J, Li X.J., He F., Hou, Z.L., Yang X.M. Impacts of dosage of water-retaining agent on growth and water and fertilizer utilization of winter wheat. Agricultural Research in the Arid Areas,3(31),0127-06 ( 2013). (in Chinese with English abstract).",
D652,9,"9.       Wu, C.F., Wen, Q., Han, Y.L., Wang, Q., Jiang, Y., Li, P.P. Effect of Water Retaining Agent and Straw Applications on Water and Fertilizer Status and Wheat Yield in Sandy Chao Soil [J]. Chinese Journal of Soil Science, 48(3):692-700 (2017). (in Chinese with English abstract).",
D652,10,"10.   Yang, Y.H., Wu, J.C., Zhang, J.M., Pan, X.Y., Wang, Y., He, F., Han, W.F. Effects of different tillage measures maintaining soil moisture on water consumption characteristics and anniversary water utilization for wheat and maize. Acta agriculturae boreali-sinica 32(3),103-110 (2013). (in Chinese with English abstract).",
D652,11,"11.   Yang, Y.H., Wu, J.C., Zhao, S.W., Pan, X.Y., Zhang, J.M., Gao, C.M., Wang, Y, He, F. Effects of different soil moisture conservation and soil structure improvement measures on soil structure and water use of wheat and maize. Research of soil and water conservation 25(2),220-227 (2018). (in Chinese with English abstract).",
D652,12,"12.   Zuo, X. Effect of different water saving methods on winter wheat. Chinese Academy of Agricultural Sciences 2006, Dissertation for the Master Degree. (In Chinese with English abstract).",
D652,13,"13.   Wang, Z. Effects of different water-saving measures and the amount of supplemental irrigation on physiological and biochemical characteristics and yield. Henan University 2015, Dissertation for the Master Degree. (In Chinese with English abstract).",
D652,14,"14.   Ma, Y.H., Yin, B.Z., Guo, L.G., Zhen, W.C. Screening of water retention agents and evaluation of their water-saving effects in wheat field in Hebei Province. Crops (2), 111-117 (2015). (in Chinese with English abstract).",
D652,15,"15.   Bai, M. Studies on Saving Water Mechanism of Different Chemical Agents in Winter Wheat Field of Semi-humid Irrigation area. Shandong Agricultural University 2007, Dissertation for the Master Degree. (In Chinese with English abstract).",
D652,16,"16.   Effects of nutritional and drought-resistant supper absorbent polymer combined with nitrogen fertilizer on soil and crop. Northwest A&F University 2011, Dissertation for the Ph.D. degree. (In Chinese with English abstract).",
D652,17,"17.   Li, Z.Y., Lv, M.C., Fan, X.Y., Du, Z.J., Hu, C. Influences of different kinds of water retentive agents on water use efficiency and root morphology of winter wheat. Chinese journal of applied ecology 26(12) 3753-3758 (2015). (in Chinese with English abstract).",
D652,18,"18.   Lei, Q., Han, Y.L., Tan, J.F., Miao, Y.H., Wang, Q., Li, P.P., Xu, M.G., Li, H. Effects of water-retaining agent on yield and water use efficiency of winter wheat under different moisture conditions. Chinese journal of Soil and Fertilizer (3) 78-83 (2014) (in Chinese with English abstract).",
D652,19,"19.   Liu, M.M., Sun, J.N., Zhai, S.S., Xu, Y.S., Li, J., Wang, Y.F., Zhang, Y.Z., Shi, Y. Effect of atapulgite water retaining agent on wheat quality and yield in dryland. Tillage and cultivation (04) 4-7 (2018). (in Chinese with English abstract).",
D652,20,"20.   Yang, Y.H., Wu, J.C., Wu, P.T., Huang, Z.B., He, F., Yang, X.M. Response of water use of winter wheat at different growth stages to nitrogen fertilizer and water-retaining agent. Chinese journal of eco-agriculture 20(7) 888-894 (2012). (in Chinese with English abstract).",
D652,21,"21.   Lei, Q. Study on effects of water-retaining agent (PAM) application in wheat field in Chao sandy soil. Henan agricultural university 2014. Dissertation for the master degree. (In Chinese with English abstract)",
D652,22,"22.   Wang, H.B. Effects of tillage methods and super absorbent polymers on loessial soil characteristics, winter wheat yield, water and nitrogen use. Chinese academy of agricultural sciences 2019, Dissertation for the Ph.D. degree. (In Chinese with English abstract).",
D652,23,"23.   Huang, T. Effects of different water conservation measures on growing and development of winter wheat and soil fertility in dryland of Southern Shanxi. Shanxi agricultural university 2018, Dissertation for the Master Degree. (In Chinese with English abstract).",
D652,24,"24.   Wang, Y.F. Effects of atapulgite water retaining agent on wheat growth and soil properties in dryland. Qingdao agricultural university 2017. Dissertation for the master degree. (In Chinese with English abstract).",
D652,25,"25.   Hou, G.Y. Effects of water-retaining materials on wheat growth and soil properties in Hetao irrigation area. Inner Mongolia agricultural university 2012, Dissertation for the master degree.",
D652,26,"26.   Xiang, X.M., Liu, Z.X., Zheng, Z.P. Effect of Water Absorbents on Germination and Yield of Spring Wheat. Chinese Agricultural Science Bulletin 3(17) (2001). (in Chinese with English abstract).",
D652,27,"27.   Guo, L.Y., Lu, Z.Y., Zhang, D.J., Zhang, X.Q., Cheng, Y.C. The effect of water-saving agent on traits and yield of wheat on conservation tillage. Inner Mongolia agricultural science and technology 43(4) 14-16 (2015). (in Chinese with English abstract).",
D652,28,"28.   Sun, Y.X., Li, J, C., Zhao, F.P. Effect of water retaining agent on wheat growth and yield. Beijing Agricultural Science 08(10) (1994). (in Chinese with English abstract).",
D652,29,"29.   Yang, Y.H., Wu, J.C., Wu, P.T., Guan, X.J., He, F. Effects of water-retaining agent on growth and physiological characteristic of winter wheat. Agricultural research in the arid areas 29(03) 133-137 (2011). (in Chinese with English abstract).",
D652,30,"30.   Han, B., Zhang, M., Ding, Y.H., Qin, Y.H., Wang, F., Qing, C. K., Li, W. H., Yin, Z. K. Effect of supper absorbent polymer on growth characteristics and yield of Wheat. Jiangsu Agricultural Sciences 45(24): 72-74(2011). (in Chinese with English abstract).",
D652,31,"31.   Han, Q.R., Luo, Y.Q., Fang, C. L. Effects of water retaining agent and drought resistance agent on wheat growth and development. Beijing Agricultural Science (01):35-37 (1991). (in Chinese with English abstract).",
D652,32,"32.   Study on physio-ecological traits and yield of super absorbent polymers and other water-retaining measures combination on winter wheat. Henan University 2015, Dissertation for the Master Degree. (In Chinese with English abstract).",
D652,33,"33.   Zhang, R., Geng, G.J., Bai, G.S., Du, S.N. Effects of super absorbent polymer with different application methods on soil moisture, soil temperature and production of spring wheat. Journal of Zhejiang university 38(2) 211-219 (2012). (in Chinese with English abstract).",
D652,34,"34.   Yang, Y.H., Wu, J.C., He, F., Guan, X.J. Effect of dosage of water-retaining agent on photosynthetic characteristics and water utilization in different growth stages of winter wheat. Agricultural research in the arid areas 27 (4) 131-135 (2009). (in Chinese with English abstract).",
D652,35,"35.   Yang, Y.H., Wu, J.C., Wu, P.T., Huang, Z.B., Zhao, X.N., Guan, X.J., He, F. Effects of different application rates of water-retaining agent on root physiological characteristics of winter wheat at its different growth stages. Chinese journal of applied ecology 22(1) 73-78 (2011). (in Chinese with English abstract).",
D652,36,"36.   Wang, L.G., Wu, J.C., Wang, L.Q. Optimal soil moisture regime for effective use of water absorbent and effect of its use on yield of wheat. Soil 01, 80-82(2003). (in Chinese with English abstract).",
D652,37,"37.   Wu C.F., Wen Q., Han Y.L., Wang, Q., Jiang, Y, Li, P.P. Effect of Water Retaining Agent and Straw Applications on Water and Fertilizer Status and Wheat Yield in Sandy Chao Soil [J]. Chinese Journal of Soil Science, 48(3)(2017) .(in Chinese with English abstract).",
D652,38,"38.   Kang, S. Z. Application of Super Absorbent Polymer in WATER-saving Irrigation and Its effect on Crop Growth and Water Use Efficiency. Northwest A&F University 2000, Dissertation for the master degree. (In Chinese with English abstract).",
D652,39,"39.   Li, P.P., Tong, H.T., Zhai, Q.H., Han, Y. L., Jiang, Y. Effects of water conservation measures on soil moisture, microbial biomass and wheat yield in a sandy fluvio-aquatic soil. Chinese journal of Soil and Fertilizer, (04):78-83(2019). (in Chinese with English abstract).",
D652,40,"40.   Ding, R.X. Topic of the dissertation: effect of Kehan 98 on winter wheat cultivation physiology and yield character. Northwest A&F University 2003, Dissertation for the master degree. (In Chinese with English abstract).",
D652,41,"41.   Xiang, Y.Z, Lu, X.H, Yang, Y. T. The water-retaining and yield-increase effects of BP aquasorb in the mountainous region of south Ningxia. Agricultural Research in the Arid Areas, 23(03):162-165 (2005). (in Chinese with English abstract).",
D652,42,"42.   Liao, S.R. Duan, Y. Effects of different technical measures and supplementary irrigation on ""wheat-corn"" yields. Bulletin of agricultural science and technology (09) 61-64 (2017) (in Chinese with English abstract).",
D652,43,"43.   Zhang, Y., Ma, H.Y. Effects of different amount of water retaining agent on wheat photosynthesis and yield. Journal of Qingdao agricultural university 25(4) 265-267 (2008) (in Chinese with English abstract).",
D652,44,"44.   Zhuang, W.H., Wu, P.T., Feng, H., Xu, F.L., Li, B.F., Ning, R.C. Effects of super absorbent polymer of sodium polyacrylate used in soil on the growth and yield of winter wheat [J]. Transactions of the CSAE, 24(5):37－41(2008 )(in Chinese with English abstract).",
D652,45,"45.   Feng B., Li G.F., Li Z.X., Wang, F.H. Effects of Different Sizes of Water retaining Agent Combined with Nitrogen Fertilizer on Wheat Photosynthetic Characteristics and Grain Yield. Shandong Agricultural Sciences 47(09):80-84(2015) (in Chinese with English abstract).",
D652,46,"46.   Yu, L. Effects of new liquid water retaining agent on yield and water use efficiency of winter wheat. Hebei agricultural university 2018, Dissertation for the master degree (in Chinese with English abstract).",
D652,47,"47.   Wu, J.C, Zheng, H.L., Shi, F.G., Yang, Z.P.. Effect of Water-retaining Agent on Wheat Production and Water Utilization under Different Moisture Conditions in Dryland. Acta agriculture boreal-sinica 22(5):40-42 (2007). (in Chinese with English abstract).",
D652,48,"48.   Zhang, Y.F., Li, Y., Gao, X.H., Zhang, Y.P., Sun, M., Luo, J.F. Effects of different field management measures on water holding capacity of brown soil. Shandong agricultural sciences 49(10) 64-69 (2017). (in Chinese with English abstract).",
D652,49,"49.   Wang, Q., Zhang, E.H., Li, F.M., Wang, T.T., Yu, X.J. Effects of different water-iding agents on spring wheat plant, tree transplant and tree seeding raising. Bulletin of soil and water conservation 27(06) 61-66 (2007). (in Chinese with English abstract).",
D652,50,"50.   Ding, L., Li, Y.H., Meng, D.D., Wang, Y.B., Luo, T.F. The research on hold seeding technology covered with full film when absolved water storing irrigation and use water holding agent of spring wheat. Journal of Irrigation and Drainage 31(01) 102-105 (2012). (in Chinese with English abstract).",
D652,51,"51.   Wu, J.C., Guan, X.J., Yang, Y.H. Effects of ground cover and water-retaining agent on winter wheat growth and precipitation utilization. Chinese journal of applied ecology 22(1) 86 -92 (2011). (in Chinese with English abstract).",
D652,52,"52.   Zhu, G.Q., Shi, X.G., Li, Q.Z. Research on Drought-Resisting Technology of Evaporation-Inhibiting and Rain Water Harvesting for Spring Wheat in Dingxi Semiarid Region. Chinese Journal of Agrometeorology (02):18-22(2022). (in Chinese with English abstract).",
D652,53,"53.   Yang, Y.H., Wu, P.T., Wu, J.C., Zhao, S.W., Huang, Z.B., He, F. Responses of winter wheat photosynthetic characteristics and chlorophyll content to water-Retaining agent and N fertilizer. Chinese journal of applied ecology 22(1): 79- 85 (2011). (in Chinese with English abstract).",
D652,54,"54.   Jia, S.L., Xie, R.F., Jing, X.H., Yang, Y.C. Preliminary report on Application of multifunctional super absorbent and water retaining agent to winter wheat. Gansu Agricultural Science (09):24-25 (2001). (in Chinese with English abstract).",
D652,55,"55.   Liu, B., Du Z.D., Huang, J., Wu, W.H. Experimental Study on Combined Use of FA Handilong and Water-holding Agent to Winter Wheat. Water Saving Irrigation (05):14-16 (2011). (in Chinese with English abstract).",
D652,56,"56.   Dong, X.X., Han, G.J., Wang, X.J., Liu, Z.H., Zheng, D.F. Effect of multifunctional water retaining agent on growth and yield of Winter Wheat. Shandong Agricultural Science (06):61-62 (2008). (in Chinese with English abstract).",
D652,57,"57.   Pang, Z., Wang, Q.L. Effect of desulfurization gypsum and water retaining agent PAM on physicochemical properties and crop growth of saline alkali soil. Land development and engineering research 3(10) 35-40 (2018). (in Chinese with English abstract).",
D652,58,"58.   Yu, G. Effects of composite water retaining materials on growth and water fertilizer use of wheat on dry land. Shanxi agricultural university 2016, Dissertation for the Master Degree. (in Chinese with English abstract).",
D652,59,"59.   Luo, T.F., Zhang, X.M., Ding, L., Jiang, Y.P., He, L.J. Research on Chemical Water-saving Techniques for Spring Wheat in Oases in Arid Areas. China Rural Water and Hydropower (09):97-99 (2018). (in Chinese with English abstract).",
D652,60,"60.   Wei, Q.F., Zhang, Y.L., Cao, X.H., Zang, Y. S. Effect of comprehensive water conservation technology on drought resistance and yield increase in Dryland Agriculture. Chinese Journal of soil science 26(3):108-110(1995). (in Chinese with English abstract)",
D652,61,"61.   Bai, M., Hou, L.T., Ning, T.Y., Zhang, X., Jiang X.D., Zhao, J.B., Li, Z.J. Effect of chemical agents on water relation of winter wheat under different irrigational conditions. Journal of soil and water conservation (02) 137-141 (2007). (in Chinese with English abstract).",
D652,62,"62.   Zhang, R. Effects of drought resistance of super absorbent, PAM and FA handilong Polymers on soil moisture and temperature and spring wheat growth in Hetao irrigation area. Northwest A&F University 2013, Dissertation for the Master Degree.",
D652,63,"63.   Yang X.Y., Wang, W.D., Wang, Z.H. Effect of Water-saving Agent Dressing Seeds on Soil Moisture and Winter Wheat Yield. Gansu Agricultural Science and technology (04):19-20 (2005). (in Chinese with English abstract).",
D652,64,"64.   Sui, H., Gao, B.Y., Dong, J.H., Li, X.G., Liu, Q., Zheng, S.Q., Xing, P.Z. Persistence of Drought- resistant and Water-retaining Agent Against the Growth of Wheat and Poplar. Tianjin Agricultural Sciences 14(3): 37- 39(2008). (in Chinese with English abstract).",
D652,65,"65.   Sui, H., Dong, J.H., Li, X.G., Liu, Q., Sun, X.H., Zheng, S.Q., Xing, P.Z. Effects of Drought-control and Water-retention Agent on Wheat Growth. Journal of Tianjin Agricultural University 02-0011-03 (2008). (in Chinese with English abstract).",
D652,66,"66.   Li, B.Q., Guo, X. Y., He, C. L., Yin, X., Application of the Solution with the Resistance to Drought and Holding Moisture in Wheat Seed-coating. Journal of Anhui Agricultural Sciences 32(6):1131- 1132(2004). (in Chinese with English abstract).",
D652,67,"67.   Wang, Y.M., Li, Y.E., Li, M.S., Liu, X.T., Feng, N.K. Experimental study and application of drought resistance agent 1 on Dryland Wheat. Chinese Journal of Agrometeorology (04):51-54(2004). (in Chinese with English abstract).",
D652,68,"68.   Ge, C.B., Qin, S.Y., Shen, X.L., Cao, Y.Y., Guo, C.Q., Huang, Q.M., Liao, P.A. Effects of combined application of NPK fertilizers on population dynamics and yield of Zhengmai 366 in lime concretion black soil. Guizhou Agricultural sciences 41(1):41- 44(2013). (in Chinese with English abstract).",
D652,69,"69.   Wu, L.L. Effect of applying water retaining agent on Yield and water use of Winter Wheat. Henan agricultural (23) 46 (2010). (in Chinese with English abstract).",
D652,70,"70.   Sun, J., Xu, Y.C., Shen, Q.R., Wang, Y.B. Effects of rice straw mulch and water-retaining agent on soil properties and crop yield. Chinese journal of applied ecology 12(5) 731-734 (2001) (in Chinese with English abstract).",
D652,71,"71.   Sun, J.S., Zhang, J.Y., Duan, A.W., Liu, Z.G., Xiao, J.F., Yu, X.G. Effect of Zhongrui water retaining agent on growth and yield of winter wheat. China Rural Water and Hydropower (06):8-11(2011) (in Chinese with English abstract).",
D652,72,"72.   Wei, Q.F., Zhang, Y.L., Zang, Y. S. The Effects of Comprehensive Water Conservation Technique on Grain crop Yield in soil-Plant System. Agricultural Research in the Arid Areas (01):24-27 (1993)(in Chinese with English abstract).",
D652,73,"73.   Zhou, Y. Effects of soil conditioners on soil structure of sandy soil and silty Loam. Henan University 2011, Dissertation for the Master Degree. (In Chinese with English abstract).",
D652,74,"74.   Wang, Y.H., Zhang, Y.Z., Wang, Y.F., Wang, Y. Effects of atapulgite water retaining agent on photosynthesis and senescence of flag leaves in wheat. Chinese journal of Soil and Fertilizer (04):202-207(2020) (in Chinese with English abstract).",
D652,75,"75.   Ni H.F., Zhu, Y.D., Liu, S.T., Li, K.L., Lu, Z.Y., Zhao L. Effects of Water Retention Agent and Organic Acid Soil Conditioner on Saline-Alkali Soil Improvement and Wheat Yield. Shandong Agricultural Sciences, 52 (4):121-125(2020) (in Chinese with English abstract).",
D652,76,"76.   Pei, X.X., Dang, J.Y., Zhang, D.Y., Zhang, J., Wang, J.A., Chang, M.F. Effects of different tillage in fallow period combined with super absorbent polymers on the grain yield and precipitant use efficiency of dry land wheat. Journal of nuclear agricultural sciences 35(5) 1243-1251 (2021) (in Chinese with English abstract).",
D652,77,"77.   Li, M.Y. Effect of different moisture protection measures on winter sowing wheat growth and yield. Inner Mongolia agricultural university 2020, Dissertation for the master degree (in Chinese with English abstract).",
D652,78,"78.   Zhang, Y. Effects of the water-retaining agent on growing development and evapotranspiration of spring corn and soybean. Northeast agricultural university 2013, Dissertation for the master degree (in Chinese with English abstract).",
D652,79,"79.   Tian, L., Liu, J.H., Guo, X.X., Li, L.J., Liu, X., Bao, H.J. Water Retaining, Conserving and yield increasing effects of water saving materials in dry farmland of Inner Mongolia loess plateau. Water saving irrigation (02) 21-25+28 (2013) (in Chinese with English abstract).",
D652,80,"80.   Du, S.N., Zhao, S.W., Bai, G.S. Effects of Wote super absorbent and PAM on soil moisture and maize growth. Journal of Zhejiang University 34(1):81-88 (2008) (in Chinese with English abstract).",
D652,81,"81.   Zhao, Z.X., Zhao, M., Zhang, F.S., Mao, D.R. Tillage and cultivation Effect of water retention agent on the growth and yield of transplanted corn when seedling (02) 13-14 (2002).",
D652,82,"82.   Yang, Y.H., Wu, J.C., Wang, H.Q., Guo, Q., He, F., Pan, X.Y. Effects of different measures of tillage and soil moisture conservation on anniversary water use efficiencies of wheat and corn. Journal of irrigation and drainage 33(Z1) 63-66 (2014) (in Chinese with English abstract).",
D652,83,"83.   Zhao, X., Huang, R.D., Li, C.H., Tang, B.J., Chang, W.F. Effects of agronomic measures and water -retaining agent on soil evaporation and water use efficiency of summer maize. Agricultural research in the arid areas 31(01) 101-106 (2013) (in Chinese with English abstract).",
D652,84,"84.   Du, X., Yang, P.L., Ren, S.M., Liao, R.K., Wang, C.Y. Application of chemical regulating technology on rain-fed spring maize cultivation in Beijing. Journal of China agricultural university 21(3) 16-24 (2016) (in Chinese with English abstract).",
D652,85,"85.   Guo, L.W. Coupled effects of urea fertilization techniques and water retention agent on carbon and nitrogen metabolism and water use of maize. Shandong agricultural university 2014. Dissertation for the master degree (in Chinese with English abstract).",
D652,86,"86.   Bai, G.S., Zou, C.Y., Du, S.N., Ren, Z.H. Effects of polyacrylamide on water use efficiency and output value of different crops in arid and semi-arid regions. Transactions of the Chinese Society of Agricultural Engineering 31(23) 101-110 (2015) (in Chinese with English abstract).",
D652,87,"87.   Du, S.N., Bai, G.S., Zhao, S.W., Wu, R.J. Effects of Wote super absorbent and PAM with different application methods on soil moisture and maize growth. Transactions of the Chinese Society of Agricultural Engineering 24(11) 30-35 (2008) (in Chinese with English abstract).",
D652,88,"88.   Wu, Y.S., Wang, T.Y., Wang, C.Y., Li, Q., Huang, Z.Y., Liu, S.X. Effect of water retaining agent on growth and development of maize in semi-arid area. Acta agriculturae boreali-sinica 34(S1) 64-68 (2019) (in Chinese with English abstract).",
D652,89,"89.   Fang, F., Huang, Z.B. Effect of improved ridge-furrow planting measures on water use efficiency of maize in loess hilly region. Agricultural research in the arid areas 24(05) 20-24 (2006). (in Chinese with English abstract).",
D652,90,"90.   Li, H.Y., Zhang, R., Wang, F.X. Effects of water-retaining agent on soil water moverment and water use efficiency of maize sowed with absolved water-storing irrigation. Transactions of the CSAE 27(3) 37-42 (2011). (in Chinese with English abstract).",
D652,91,"91.   Zhang, R., Yu. J., Geng, G.J., Li, J.J., Bai, G.S. Effects of PAM with different application methods on soil moisture, soil temperature and growth of Zea mays. Science of soil and water conservation 11(03) 96-103 (2013). (in Chinese with English abstract).",
D652,92,"92.   Ma, Z.R., Hei, X.M., Ma, N., Yang, T.D. Effect of ZBz absorbent polymer on dryland maize yield components and water use efficiency. Ningxia journal of Agriculture and Forestry science and technology 54(12) 63-65 (2013). (in Chinese with English abstract).",
D652,93,"93.   Zou, C.Y., Bai, G.S., Yu, J., Song, R.Q. Effects of super absorbent polymer on water use efficiency and output value of different crops in different regions. Journal of China agricultural university 20(5) 66-73 (2015). (in Chinese with English abstract).",
D652,94,"94.   Ji, X.L., Zhang, X., Liu, C.Y. Research on corn agronomic water conservation technology in wind beach well irrigation area in the north of Yulin. Shaanxi journal of agricultural sciences 59(1)27-31 (2013). (in Chinese with English abstract).",
D652,95,"95.   Cheng, B.W., Mai, Z.Z., Wang, Y., Luo, S.W. The cultivation method and fertilization study on the yield and water utilization efficiency of corn in drylands. Shaanxi journal of agricultural sciences (06)3-4 (2005) (in Chinese with English abstract).",
D652,96,"96.   Zhang, X.M. Experimental study on sowing with water of absolved water-storing irrigation technology on maize in inland irrigation district of Hexi. Gansu agricultural university 2009, Dissertation for the master degree. (in Chinese with English abstract).",
D652,97,"97.   Zhang, H.L., Liu, X.J., Wang, L., Lu, Y. Study on technology of efficient utilization of rainfall resources in supplementary irrigated area of pumping from yellow river in Ningxia. Journal of water resources and water engineering 24(04)119-122 (2013). (in Chinese with English abstract).",
D652,98,"98.   Kuang, E.J., Su, Q.R., Chi, F.Q., Zhang, J.M., Gao, Z.C., Niu, B.G. Effect of mulching materials on maize growth and water use efficiency. Soils and crops 6(02)96-103 (2017). (in Chinese with English abstract).",
D652,99,"99.   Li, W.S., Ma, Q. Preliminary study on the experiment of soil water retaining agent in Western Heilongjiang Province. Journal of Hulunbeier College 15(05)66-68 (2007). (in Chinese with English abstract).",
D652,100,"100.            Wei, Y., Shi, W.G., Pin, F.L., Ri, Q.S., Ji, A.Y. Foliar antitranspirant and soil superabsorbent hydrogel affect photosynthetic gas exchange and water use efficiency of maize grown under low rainfall conditions. Journal of the Science of Food and Agriculture 99(1) (2019). (in Chinese with English abstract).",
D652,101,"101.            Du, T.S., Kang, S.Z., Shi, P.Z., Zhang, F.C., Wei, H. Effects of “Kehan 98” super absorbent polymer in spring wheat corn intercropping system. Irrigation and drainage 20(04)21-25 (2001). (in Chinese with English abstract).",
D652,102,"102.             Xiong, J., Wang, Z.B., Zhang, Z.X., Wu, L.Y. Effects of soil moisture conservation measures and regulated deficit irrigation on growth, physiology, yield and water use efficiency of spring maize in cold regions. Journal of irrigation and drainage 37(02)6-15 (2018). (in Chinese with English abstract).",
D652,103,"103.            Zhang, L.H., Bian, S.F., Sun, n., Yan, W.P., Zhao, H.X., Tan, G.B., Fang, X.Q., Meng, X.M., Feng, Y.C. Effects of different grain size and amount of water retaining agent on yield and photosynthetic characteristics of maize. Journal of Maize Sciences 25(01)153-156 (2017). (in Chinese with English abstract).",
D652,104,"104.            Pan, Y.G., Qin, J.H., Wang, A.Q., Xiao, Z.W., Zhao, Y.C., Cheng, H.Y., Effects of different application rates of water retaining agent on soil water storage and economic benefits of seed corn. Seed Science & Technology 30(06)27-29 (2012). (in Chinese with English abstract).",
D652,105,"105.            Zhang, L.H., Yan, W.P., Tan, G.B., Zhao, H.X., Sun, N., Meng, X.M., Fang, X.Q., Bian, S.F. Effects of different depth of water- retaining agent applied on maize yield and water use efficiency of soil moisture. Journal of maize sciences 24(1)110-113 (2016). (in Chinese with English abstract).",
D652,106,"106.            Yang, G.L., Zhang, F., Xiao, X.P., Sun, Y.T. Research on the water- saving and production- increase mechanism of water- absorbent polymer for maize under different soil types. Hunan Agricultural Sciences (06)54-58 (2007). (in Chinese with English abstract).",
D652,107,"107.            Li, H.J., Liu, E.K., Zhang, D.M., Han, Y.L. Effect of absorbent polymer on yield performance and yield in dry land maize. Journal of Shanxi Agricultural Sciences 39(08)812-813+819 (2011). (in Chinese with English abstract).",
D652,108,"108.            Zhao, M., Gao, H.D., Cui, Y.H. Effect of water absorbent on growth, development and yield of maize. Journal of Maize Sciences 14(6)125-126 (2006). (in Chinese with English abstract).",
D652,109,"109.            Liu, X.S., Gao, F.W., Zhao, F.M., Luo, S.G. Effect of water retaining agent on Yield Characters and yield of Maize. Journal of Northeast Agricultural University 37(02)151-154 (2006). (in Chinese with English abstract).",
D652,110,"110.            Liu, L., Sun, D.B., Wang, Q.S. Effects of different water-retention agents on yield and growth of dryland spring maize. Agricultural research in the arid areas 38(03)262-268 (2020). (in Chinese with English abstract).",
D652,111,"111.            Chen, J. Water retention capacity of water-retaining agent of biochar and the effect of its application on maize growth. Nanjing agricultural university 2013. Dissertation for the master degree. (in Chinese with English abstract).",
D652,112,"112.            Du, S.N., Geng, G.J., Yu, J., Zhang, P.Q., Bai, G.S. Effects of super absorbent applied by different methods on soil moisture, soil temperature and maize growth. Bulletin of soil and water conservation 32(05)270-276 (2012). (in Chinese with English abstract).",
D652,113,"113.            Huang, Z.B., Zhang, G.Z., Li, Y.Y., Hao, M.D., Meni BEN-HUR., Deli Chen. Determination of properties of water retaining agent and its application in agriculture. Transactions of the CSAE (01)22-26+13-12 (2002). (in Chinese with English abstract).",
D652,114,"114.            Wang, B. Study on the preparation and application of agricultural superabsorbent polymer at sand -infertile farmland in the Songnen Plain. Jilin University 2008. Dissertation for the master degree. (in Chinese with English abstract).",
D652,115,"115.            Liu, X.S., Ye, C., Huang, Q.R., Yu, X.C., Xiao, G.B. Effects of rice straw mulching and super absorbent polymer application on growth and yield of autumn waxy corn in hilly red soil upland. Acta agriculturae Jiangxi 23(09)109-111 (2011). (in Chinese with English abstract).",
D652,116,"116.            Wang, Y., Wei, C.C., Yang, P.L., Liao, R.K., Wei, R., Yang, F.R. Effects of super absorbent polymer and nitrogen-phosphorus fertilizers on growth of rain-fed maize. Journal of drainage and irrigation machinery engineering 36(09)903-908 (2018). (in Chinese with English abstract).",
D652,117,"117.            Chen, J., Chen, J.H., Lin, C. Preliminary report on the application of different amounts of agricultural water retaining agent on corn in Hilly Area. Shanghai Agricultural Science and Technology (01)62 (2016). (in Chinese with English abstract).",
D652,118,"118.            Song, Y.L., Jin, Z.H., Huang, Y.X. Effect of interaction of super absorbent polymer and urea on corn growth. Liaoning agricultural sciences (03)16-21 (2010). (in Chinese with English abstract).",
D652,119,"119.             Niu, Y.H., Li, Z.J., Hao, M.D. Effects of application of water-holding agent on arid areas in loess plateau. Research of soil and water conservation (03)11-12 (2007). (in Chinese with English abstract).",
D652,120,"120.            Yin, F., Chen, X.F., Song, D., Hu, Y.X., Zhang, H.L, Shang, B.X. Effect and mechanism of crop yield under different water preservation measures. Journal of Agricultural Mechanization Research (07)80-83+95 (2008). (in Chinese with English abstract).",
D652,121,"121.            Tang, W.G., Tang, H.M., Xiao, X.P., Yang, G.L., Li, M.S. Effects of different water-retaining measures on spring maize in South seasonal drought region. Journal of agricultural science and technology 13(3)102-107 (2011). (in Chinese with English abstract).",
D652,122,"122.            Li, P.P., Tong, H.T., Zhai, Q.H., Han, Y.L., Jiang, W. Effects of water conservation measures on soil moisture microbial biomass and wheat yield in a sandy fluvio-aquatic soil. Chinese journal of Soil and Fertilizer (04)78-83 (2019). (in Chinese with English abstract).",
D652,123,"123.            Liu, Pan. Occurrence trend of drought and heat damage of summer maize in Hebei plain and its control technology effect. Hebei agricultural university 2019, Dissertation for the master degree. (in Chinese with English abstract).",
D652,124,"124.            Wu, J.C., Wang, Z.H., He, F., Yang, Z.J., Xue, Y.F. Effect of different technological measures on utilization of precipitation and soil nutrients. Acta agriculturae boreali-sinica 20(06)73-76 (2005). (in Chinese with English abstract).",
D652,125,"125.            Qin, R. The effect of different soil improvers applying in typical irrigation area on the soil water movement mechanism and crop growth characteristics. Inner Mongolia agricultural university 2017, Dissertation for the Ph.D. degree. (in Chinese with English abstract).",
D652,126,"126.            Tang, H.M., Tang, W.G., Xiao, X.P., Yang, G.L. Effects of super absorbent polymers on yield and water-saving and drought-escaping mechanism in spring maize. Agricultural science & technology 10(4)112-11 (2009). (in Chinese with English abstract).",
D652,127,"127.            Li, X.J. Application effect of several new drought resistant water retaining agents on Corn. Gansu agricultural science and technology (01)19-20 (2002). (in Chinese with English abstract).",
D652,128,"128.            Song, B., Yang, W.J., Zhao, S.C., Zuo, C.P., Fan, J., Zhang, J., Guo, T.Y., Zhang, R.D., Tang, Y. Water- retaining effect of three water retaining agents and their effects on growth of maize. Guizhou agricultural sciences 42(11)73-75 (2014). (in Chinese with English abstract).",
D652,129,"129.            Qi, J.S., Ma, X.J. Study on the application effect of ASA high-efficiency plant water retention agent (drought stop) on corn. Modern Agricultural Sciences and Technology (24)21 (2009).",
D652,130,"130.            Chang, K.Q., Du, Y.P. Application effect of Rc-1 water retention agent and water retention and drought-resistant seeding agent on dryland corn. Gansu agricultural science and technology (06)26-27 (2002). (in Chinese with English abstract).",
D652,131,"131.            Wu, Y.Y., He, X.D., Qin, Z.M. Effects of different water retaining agents on yield characteristics and yield of Maize. Modern Agricultural Sciences and Technology (12):25-30(2012). (in Chinese with English abstract).",
D652,132,"132.            Huang, Z.B. A study on the effect of broad ridge and its improving Measures to maize growth and water use efficiency (WUE). Northwest A&F University 2003, Dissertation for the master degree. (in Chinese with English abstract).",
D652,133,"133.            . Li, R., Xia, L., Wang, Y.L., Wu, P.N., Yu, L., Ye, X.B., Qian, P. Effects of water-retaining agent dose on soil water and nutrient contents, maize yield and economic benefit under drip irrigation. Journal of drainage and irrigation machinery engineering 36(12)1337-1344 (2018). (in Chinese with English abstract).",
D652,134,"134.            Zhu, Y.H., Yang, P.L., Liao, R.K., Ren, S.M. Maize photosynthetic characteristics and yield under chemical integrated regulation. Agricultural research in the arid areas 34(01)193-200 (2016). (in Chinese with English abstract).",
D652,135,"135.            Guo, S.Y., Zhang, Y., Shang, S., Lu, G.Y., Tang, Q.N. Effects of straw mulching and water-retaining agent on ear leaf senescence after anthesis and yield of summer maize. Acta agriculturae Jiangxi 27(07)25-27 (2015). (in Chinese with English abstract).",
D652,136,"136.            Gong, X.L., Gao, J.X., Yin, G.H., Zhang, Z.K., Liu, Z.X. Water conservation performance of four types of super absorbent polymer. Chinese Journal of Ecology 27(04)652-656 (2008). (in Chinese with English abstract).",
D652,137,"137.            Xiao, Z.W., Xiao, Z.Y., Shi, W.J., Yan, Z.B., Wang, X., Qin, J.H. Improvement effects of multi-functional soil conditioners on brown desert soil in Hexi inland irrigation areas in Gansu Province. Bulletin of soil and water conservation 38(01)56-61+68 (2018). (in Chinese with English abstract).",
D652,138,"138.            Ma, Z.L., Li, S.F., Yan, Z.B., Improvement effect of multifunctional soil conditioner to the gray brown desert soil of Gansu Corridor. Soil and water conservation in China (06)46-50+69 (2017). (in Chinese with English abstract).",
D652,139,"139.            Qin, J.H., Wang, A.Q., Yan, Z.B., Xiao, Z.W., Zhao, Y.C. The influence of multi-functional special fertilizer on the economic character and benefit of corn production in Hexi inland irrigation area. Tillage and cultivation (02)26-28 (2011).",
D652,140,"140.            Dou, J.G., Sun, Y.Y., Gao, Y.S., Wang, Y.J., Liu, H.T. Studies on effect of application of SAP in sandy barren field. Journal of Jilin agricultural sciences 36(06)22-25 (2011). (in Chinese with English abstract).",
D652,141,"141.            Liu, X.X., Wang, Y.X. The effect of humic acid compound fertilizer on maize growth and soil physical properties in drought. Humic acid (02)33-39 (2018). (in Chinese with English abstract).",
D652,142,"142.            Wang, S., Yao, K., Chen, D.Y., Wang, N., Zhang, D.X., Sun, X., Lv, Y. Properties of corn yield and albic soil nutrient affected by the dosages of humic acid water-retaining agent. Journal of Maize Sciences 26(1)149-153 (2018). (in Chinese with English abstract).",
D652,143,"143.            Liu, X.S., Ye, C., Xiao, G.B., Zheng, W., Huang, T.B., Zhang, K., Li, Y.Z. Effects of super absorbent polymers polyacrylamide on soil moisture and autumn waxy corn growth. Chinese agricultural science bulletin 28(30)22-27 (2012). (in Chinese with English abstract).",
D652,144,"144.            Tian, H., Zhang, H.M., Liu, Y.R., Sun, Y.W., Zhang, H.L., Wang, F.Y., Yuan, W.L. Application of high-energy drought-resistant water retention agents on corn. Sciences and technology of Tianjin agriculture and forestry. (04)6-8 (2001). (in Chinese with English abstract).",
D652,145,"145.            Qin, J.H., Wang, A.Q., Yan, Z.B., Xiao, Z.W., Zhao, Y.C., Zhang, H.J., Zhang, C.M., Cheng, H.Y., Tie, D.D. Effect of solid active organic fertilizers on physicochemical properties and economic benefits of corn field in Hexi inland irrigation district. Agricultural research in the arid areas 30(03)130-135 (2012). (in Chinese with English abstract).",
D652,146,"146.            Zhang, H.H. The influence of irrigation and mulching on maize physiology and yield. Northwest A&F University 2001, Dissertation for the master degree (in Chinese with English abstract).",
D652,147,"147.            Sun, F.Y., Liu, M., Zhang, Y., Fu, Q. Study on the effect of different dosage of water retaining agent on water consumption and yield of spring corn. Water Resources Planning and Design (11):42-46 (2013). (in Chinese with English abstract). ",
D652,148,"148.            Yang, X.Z., Li, L.L. Effect of water retaining agent dosage on properties and yield of corn in Dryland. Gansu Agricultural Science and Technology (08):32-34 (2019). (in Chinese with English abstract).",
D652,149,"149.            Zhang, Y., Wang, M.K., Tang, Q.N., Guo, S.S., Shang, S., Lu, G.Y. Effects of different straw mulching and water-retaining agent on yield and water use efficiency of summer maize. Acta Agriculturae Jiangxi, 32(9):13-17(2020). (in Chinese with English abstract).",
D652,150,"150.            Zhuang, W.F., Han, W., Hou, J.X., Wang, J., Dong, Q.H., Zhang, Y.Z., Yang, M. Effect of straw return manner and water retention agent on yield of maize and soil moisture. Water saving irrigation (11):1-5(2020). (in Chinese with English abstract).",
D652,151,"151.            Cui, Z.T., Gao, F., Guo, S. Q., Wang, Q.L., Shui, M.H. Study on the application of Hailuida water retaining agent instead of plastic film in corn production. Bulletin of agricultural science and technology (05):21-25(2020). (in Chinese with English abstract).",
D652,152,"152.            Jin, C. Study on the application effect of Hankewei water-retaining agent in corn and soybean production in Jilin Province. JiLin University 2020, Dissertation for the master degree. (in Chinese with English abstract).",
D652,153,"153.            Zhang, J.W. Effect of water retaining agent on growth and yield of Maize. Shaanxi Water Resources (10):187-188+191 (2020). (in Chinese with English abstract).",
D652,154,"154.            Liu, D.H. A study on effect of Aquasorb on growth of potato and its acting mechanism. Northwest A&F University 2006, Dissertation for the master degree. (in Chinese with English abstract).",
D652,155,"155.            Ling, Y.S., Li, J.Q., Ye, L.J., Zeng, X.L., Li, R.N. Effects of absorbent in ploughed furrow on potato productivity and moisture retention in soil of loess hilly and gully regions in Southern Fujian. Fujian Journal of Agricultural Sciences 25(2):158-162(2010). (in Chinese with English abstract).",
D652,156,"156.            Feng, R.Y., Lei, M.L., Hou, Y.J., Wang, H.J, Liu, H.J. Effects of the improved straw fertilizer with an efficient moisture and fertilizer conservation capacity on potato yield and soil physical property. Guizhou agricultural sciences 46(2):56-60(2018). (in Chinese with English abstract).",
D652,157,"157.            Gao, Y.F. Study on applied effect of drought-resistant and water-absorbent polymer on potato. Inner Mongolia Agricultural University 2012, Dissertation for the master degree. (in Chinese with English abstract).",
D652,158,"158.            Cheng, Y.C., Lu, Z.Y., Zhang, X.Q., Han, Y.B., Zhang, J.Z., Bai, H., Xian, F., Cao, Z.F., Guo, J. Study on application effect of drought resistance agent on Potato. Inner Mongolia Agricultural Science and Technology (4)30~31(2013). (in Chinese with English abstract).",
D652,159,"159.            Zhang, C.W., Dong, B., Guo, T.W. Effects of water retaining agent on yield and water use efficiency of potato in semi-arid area. Gansu Agricultural Science and technology (05):7-10(2011). (in Chinese with English abstract).",
D652,160,"160.            Zhang, G.J., Study on planting technology system of high-yield and high-efficiency for dry land potato in semi-arid area pf Central Gansu. Gansu Agricultural University 2007, Dissertation for the master degree. (in Chinese with English abstract).",
D652,161,"161.            Bao, K.H. Effect of different film-covering modes and water retention agenton the dry land potato growth and soil characteristics. Inner Mongolia Agricultural University 2015, Dissertation for the master degree (in Chinese with English abstract).",
D652,162,"162.            Wu, Z.K., Zhang, W., Liu, D.C., Ma, S.L., Xie, G.Y., Yang, Q.Y., M, J. Experimental demonstration study on using drought resistant water retaining agent in potato. Journal of Chinese Potato (04):215-216(2006). (in Chinese with English abstract).",
D652,163,"163.            Gao, F., Cui, Z.G., Zheng, J., Guo, S.K., Shui. M.H. Preliminary report on the experiment of replacing plastic film with water retaining agent in potato cultivation. China Agricultural Technology Extension 35(12):68-69(2019). (in Chinese with English abstract).",
D652,164,"164.            Ren, Y.F., Zhao, J., Lu, Z.Y., Zhao, P.Y., Zhang, Y.P. Drought treatment technology of potato seed before planting. Inner Mongolia Agricultural Science and Technology (4):25~27(2013). (in Chinese with English abstract).",
D652,165,"165.            Wang, S.Q., Zhang, C.E., Deng, X.P. Planting techniques for high yield of potato in newly-built terraced field in North Shaanxi. Agricultural Research in the Arid Areas (01):60-64 (2000). (in Chinese with English abstract).",
D652,166,"166.            Lin, H.M., Liu, W.S., Liu, X.Z., Wang, D., Song, Y., Liu, M.Z. Effect of Ecological Function Material Palygorskite on Water-retention and Yield of Potato. Journal of Chinese Potato 23(04):207-212 (2009). (in Chinese with English abstract).",
D652,167,"167.            Zhang, C.W., Dong, B., Guo, T.W., Zhang, D.W. Effects of fertilization and water retaining agent on yield of potato. Agricultural research in the arid areas 29(06)152-156 (2011) (in Chinese with English abstract).",
D652,168,"168.            Li, X.Y. Effect of the application of agricultural water retention agent on potato yields in dry areas. Agricultural science-technology and information (16)30-31 (2019). (in Chinese with English abstract).",
D652,169,"169.            Li, Q., Liu, J.H., Zhang, L., Chen, Q., Yu, J., Surya N. Achary. Using water-retaining agent and mulch to improve growth and yield of potato under dry farming. Transactions of the Chinese Society of Agricultural Engineering 29(07) 83-90 (2013). (in Chinese with English abstract).",
D652,170,"170.            Du, S.N., Bai, G.S., Zhao, S.W., Hou, X.L. Effects of Wote super absorbent and PAM absorbent on soil moisture and growth of potato. Transactions of the Chinese Society of Agricultural Engineering (08)72-79 (2007). (in Chinese with English abstract).",
D652,171,"171.            Li, Q., Ba, T., Li, Y.L., Xie, L., Liu, J.H., Yu, Z., Shen, Y.J. Effects of application methoths of super absorbent polymers on soil moisture content and microbial biomass and potato yield. Acta agriculturae boreali-occidentalis sinica 26(10)1453-1460 (2017). (in Chinese with English abstract).",
D652,172,"172.            Li, Q., Ba, T., Liu, J.H., Sun, Z.W., Gao, W.J., Zhao, Z.Q. Effects of application method of super absorbent polymers on soil enzyme activities and potato yield. Journal of Northwest A&F university 45(05)116-122 (2017). (in Chinese with English abstract).",
D652,173,"173.            Hou, X.Q, Li, R., He, W.S. Effects of super absorbent dosages on the yield and nutrient absorption of dryland potato. Acta agriculture boreali-occidentalis sinica 24(10)56-63 (2015). (in Chinese with English abstract).",
D652,174,"174.            Hou, X.Q., Li, R., He, W.T., Ma, K., Dai, X.H. Effects of super absorbent dosages on physicochemical properties of dryland soil and potato growth. Journal of soil and water conservation 29(05)325-330 (2015). (in Chinese with English abstract).",
D652,175,"175.            Hou, X.Q., Li, R., He, W.T., Dai, X.H., Ma, K., Liang, Y., Ma, G.C. Effects of super absorbent dosage on water use of soil and growth of potato. Journal of Zhejiang university 41(05)558-566 (2015). (in Chinese with English abstract).",
D652,176,"176.            Liu, D.H., Huang, Z.B., Cai, L.J., Wei, Z.X. Effect of different ways and amounts of aquasorbent- applying on yield and benefit of potato. Acta agriculturae boreali-occidentalis sinica 17(01)266-270 (2008). (in Chinese with English abstract).",
D652,177,"177.            Zhang, M., Wei, Q.Q., Xu, Y.K., Ma, Z.X., Zhang, R.H., Gou, J.L., Chen, L., He, J.F. Effect of amount of water retention agent on growth and soil fertility of potato with dry farming and covering farmland by plastic films in Guizhou. Journal of Southwest China Agricultural Sciences, 32(05)1087-1091 (2019). (in Chinese with English abstract).",
D652,178,"178.            Yu, M.Y. The response of growth and water use efficiency of potato to aquasorb and nitrogen and it's mechanism. Northwest A&F University 2019. Dissertation for the master degree. (in Chinese with English abstract).",
D652,179,"179.            Gao, T.P., Guo, R., Wang, D., Gao, H.N., Chang, G.H., Zhang, M., Sun, H.L. Effects of applying super absorbent polymer and potassium fertilizer on the yield index and chlorophyll fluorescence parameters of dry land potato. Journal of Chinese ecology 32(5)1221-1226 (2013). (in Chinese with English abstract).",
D652,180,"180.            Huang, Z.B., Zhu, S.Q., Zhang, L.C., Li, M.S. The effect on soil improving and water saving applied with chemical aquasorb in agriculture. Research of soil and water conservation (03)57-60 (2004). (in Chinese with English abstract).",
D652,181,"181.            Wen, T.D., Liu, C.N., Song, R.Q. Analysis of application effect of water retaining agent in spray irrigation of potato. Inner Mongolia water resources (07)63-64 (2018).",
D652,182,"182.            Liao, J.L., Xu, F.L., Zhao, S.W. Effect of different aquasorbent on growth and yield of potato in Ningnan Mountain. Acta agriculturae boreali-occidentalis sinica 18(1)238-242 (2009). (in Chinese with English abstract).",
D652,183,"183.            Lu. H.W., Xiao, G.L., Huang, L.H. Effect of different application methods of super absorbent polymer on physiological indicators and agronomic characters of potato. Journal of Yunnan Agricultural University 27(03):334-339(2012). (in Chinese with English abstract). ",
D652,184,"184.            Ye, L.C., Hu, Y.G., Zeng, Z.H. Effect of different water-saving practices on growth and water use of potato. Agricultural Research in the Arid Areas 28(01):54-60(2010).",
D652,185,"185.            Li, J., Li, J.M. Experiment on reducing weight and increasing efficiency of potato with water retaining agent in Anding District of Dingxi City. Modern agricultural sciences and technology (09)20-21 (2020).",
D652,186,"186.            Li, Q. Physiological response of potato under water stress and study on drought resistant regulation measures. Inner Mongolia Agricultural University 2015, Dissertation for the PhD degree. (in Chinese with English abstract).",
D652,187,"187.            Li, Q., Liu, J.H., Zhang, L., Liu, C., Yan, Y.F., Chen, Q. Effect of mulch and water absorbent on morphological characters and membrane permeability of potato. Agricultural research in the arid areas 28(06)177-182 (2010). (in Chinese with English abstract).",
D652,188,"188.            Zhang, Y., Zhao, S.W., Liang, X.F., Hua, J. Effects of super absorbent on growth of potato and soil water utilization in the mountain area of Southern Ningxia. Agricultural research in the arid areas 27(03)27-32 (2009). (in Chinese with English abstract).",
D652,189,"189.            Mu, J.X., Cao, X.M., Liu, S.C. Effects of combined application of water-retaining agent and nitrogen fertilizer on growth and water and fertilizer utilization of potato. Journal of Henan agricultural sciences 45(09)35-40 (2016). (in Chinese with English abstract).",
D652,190,"190.            Li, H.X., Li, X.Y., Hao, X.H., Li, W.Y., Huang, Y.X., Li, M.Z., Mu, J.X. Effect of water retention agent and potash on potato yield and photosynthesis characteristics. Bulletin of agricultural science and technology (02)114-117 (2020). (in Chinese with English abstract).",
D652,191,"191.            Wang, S.J. Effect of water retention application on the growth characteristics and yield of dry potatoes. Inner Mongolia science technology & economy (13)94+96 (2019). (in Chinese with English abstract).",
D652,192,"192.            Li, J.L. Effects of multi-function aquasorb on yield and water use efficiency (WUE) of potatoes. Northwest A&F University 2006. Dissertation for the master degree. (in Chinese with English abstract).",
D652,193,"193.            Hou, X.Q., Li, R., He, W.T., Ma, K., Dai, X.H., Zhao, J.W. Comparative effects of two super absorbent on soil physical properties of dryland and potato yield. Journal of Nuclear Agricultural Sciences 29(12)2410-2417 (2015). (in Chinese with English abstract).",
D652,194,194.            Effect test of water retaining agent (Hai Ruida) on crop production in Zhuanglang County of 2008. Information of agricultural science and technology (20):26-27(2019). (in Chinese with English abstract).,
D652,195,"195.            Wen, S.H., Zuo, Z., Wang, F., Guo, Y.Z., Du, J.M. Study on the effect of Zeba water retaining agent on the yield of dry potato. Ningxia journal of Agriculture and Forestry science and technology (06)13-15 (2010).",
D652,196,"196.            Wang, J., Li, J.M. Screening test of different water retaining agents for potato in Anding District. Agriculture &Technology, 39(07):5-7(2019). (in Chinese with English abstract).",
D652,197,"197.            Liu, D.H., Li, J.L., Xin, X.G., Yang, Q.P., Huang, Z.B., Yang, X.M. Effect of some chemical water-saving agents on yields of potato (Solanum tuber sum L.) in semi-arid wind-sand area. Agricultural research in the arid areas (03)159-161 (2005). (in Chinese with English abstract).",
D652,198,"198.            Yu, M.Y., Huang, Z.B., Fang, F., Shan, L. Response of aquasorb, fertilizer and their interaction to growth and yield of potato. Agricultural research in the arid areas (03)15-19 (2003) (in Chinese with English abstract).",
D652,199,"199.            Huang, W., Zhang, J.H., Zhu, G.P., Zhang, L.F., Liu, Y.H. Effects of different application methods of a water absorbent on the growth and yield of potato. Journal of Chinese ecology 34(1)1-8 (2015). (in Chinese with English abstract).",
D652,200,"200.            Xin, J., Yang, S.X., Xu, Y., Wang, Y.J. Preliminary report on the effect of different application rates of water retaining agent on potato economic characters. Bulletin of agricultural science and technology (09)93+247 (2014). (in Chinese with English abstract).",
D652,201,"201.            Li, Q., Liu, J.H., Zhang, L., Xu, S.T., Chen, Q., Liu, H.J. Changes of morphological characters and osmoregulation substances and yield of potato with water absorbent usage. Acta agriculturae boreali-occidentalis sinica 20(10)58-63 (2011). (in Chinese with English abstract).",
D652,202,"202.             Gao, T.P., Wang, D., Gao, H.N., Zhang, H., Zhang, Q., An, L.Z., Wang, A.Q. Effects of super aquasorbent composition chlorophyll fluorescence parameters of dry land potato. Journal of Lanzhou university (natural sciences) 45(03)67-72 (2009). (in Chinese with English abstract).",
D652,203,"203.            Hou, X.Q., Li, R., He, W.S., Ma, K., Dai, X.H. Effects of super absorbent on yield and water use efficiency of potato in dry land. Journal of nuclear agricultural sciences 32(05)1016-1022 (2018). (in Chinese with English abstract).",
D652,204,"204.            Qin, S.H., Wang, D., Zhang, J.L., Dai, H.L., Niu, G.Q., Guo, R. Effects of aquasorbs on soil water characteristic and yield formation of potato. Journal of Gansu agricultural university 48(02)30-33 (2013). (in Chinese with English abstract).",
D652,205,"205.            Luo, Y.M. Effect of water retaining agent on growth and drought resistant physiological indexes of potato. Yunnan agriculture (04)73-76 (2018) (in Chinese with English abstract).",
D652,206,"206.            Wang, Y.Y. Effect of water retaining fertilizer on yield and water use efficiency of dry potato. Qinghai agricultural science and technology (02):11-14(2015) (in Chinese with English abstract).",
D652,207,"207.            Jiao, Y.H., Ma, Y.M. Experiment of using water retaining agent instead of plastic film on Potato in Zhuang Lang County. Agricultural Science-technology and information, (15):42-43(2020) (in Chinese with English abstract).",
D652,208,"208.            Hou, X., Li, R., He, W., Dai, X., Ma, K., Liang, Y. Superabsorbent polymers influence soil physical properties and increase potato tuber yield in a dry-farming region. J SOIL SEDIMENT 18, 816-826(2018).",
D652,209,"209.            Lv, M.Q. Effects of absorbent polymer on yield and growth of autumn planting soybean. Chinese Agricultural Science Bulletin, 31(12):57-61(2015) (in Chinese with English abstract).",
D652,210,"210.            Wang, G.Y., Yang, H.L. Effect of drought resistant SA type water retaining agent on yield in peanut production. Journal of peanut science, (S1):491-493(2003). (in Chinese with English abstract).",
D652,211,"211.            Zhao, M., Gao, H.M. Effect of water retaining agent on physiological characteristics and yield components of peanut. Journal of Jilin Agricultural Sciences, 27(6):15- 18(2002). (in Chinese with English abstract).",
D652,212,"212.            Li, G.H., Li, C.S., Wang, X.J., Zhao, C.Z., Zhao, S.Z., Hou, L. Effect of superabsorbent polymer application on yield and quality of peanut un-mulching cultivation. Acta Botanica Sinica, 39(11):2037-2043(2019). (in Chinese with English abstract).",
D652,213,"213.            Zhao, X.D., Sun, W., Li, H., Bian, J.B., Chen, X.Y., Tian, L., Ling, Z.P., Wei, J.L. Effect of water retaining agent on plant characteristics and yield of peanut in Hilly and dry land. Agricultural science and technology communication, (06):100-103(2019). (in Chinese with English abstract).",
D652,214,"214.            Gao, H.D., Du, C.H., Liang, W.L. Effect of water absorbent polymer on seed germination and growth of summer peanut. Henan Agricultural Science, (10):36-37(2006). (in Chinese with English abstract).",
D652,215,"215.            Zhong, Q. Z., Chen, R.H., Shen, C.Y., Fang, X.L., Guo, W., Zhang, Z.Q., He, S.D., Chen, Y. X., Xu, Y.S. Effect of applying water retention agent on peanut in red upland. Acta Agriculturae Jiangxi, 25(6): 32-34(2013). (in Chinese with English abstract).",
D652,216,"216.            Sun, H.J., Xu, X.L., Yu, X. C., Ye, C., Huang, Q.R., Li, Q., Sun, Y.M. Effect of water retaining agent application and rice straw mulch on growth and yield of peanut in red soil upland. Acta agriculturae Jiangxi, 23(4)83-85(2011). (in Chinese with English abstract).",
D652,217,"217.            Guo, S.Y., Chen, Y. H., Chen, J.H., Huang, A.N., Li, C.M. Preliminary report of applying multifunctional water retaining agent on peanut. Guangdong Agricultural Science, 38(20):55-56(2011) (in Chinese with English abstract).",
D652,218,"218.            Geng, G.J., Bai, G.S., Du S., Yu, J., Li, M. Effects of super absorbent with different application methods on soil moisture, soil salinity and Lycopersicon esculentum growth. Science of Soil and Water Conservation, 9(03):65-70(2011) (in Chinese with English abstract).",
D652,219,"219.            Zhang, R., Geng, G. J., Bai, G.S. Effects of application rate of super absorbent polymers on soil moisture and Solanum lycopersicum growth. Science of Soil and Water Conservation, 11(02):108-113(2013) (in Chinese with English abstract).",
D652,220,"220.            Ding, L., Wang, Y.B., Li, Y. H., Luo, T. F., Li, B., Meng, T.T. Experimental study on water saving technology of pepper under furrow irrigation in ridge culture with full film-covering combined with water-holding agent in arid area. Agricultural Research in the Arid Areas, 29(02):77-82(2011) (in Chinese with English abstract).",
D652,221,"221.            Huang, W., Zhang, J.H., Zhang, L.F., Liu, Y. H., Wang, Y.H. Physiological effect of different super absorbents on sugarbeet growth. Chinese Journal of Ecology 2015, 34(7):1910-1916 (in Chinese with English abstract).",
D652,222,"222.            Kong, W. L., Huang, H.Y., Li, Y. H., Zhang, L.D., Li, J.W., Meng, P.Q. Effect of water-retaining agent on yield of hybrid seeds in cucumber. Journal of Shaanxi Agricultural Sciences, 2021, 67(07): 44-46 (in Chinese with English abstract).",
D652,223,"223.            Jin, J.H., Zhou, Q.Y., Wang, Y.R., Zheng, Z.W., Han, N.N. Effects of combined chemical regulation on growth and water use efficiency of greenhouse tomato plants. Water saving irrigation, (10):43-46+54(2019) (in Chinese with English abstract).",
D652,224,"224.            Xu, J.X., Li, J.J., Sun, Q.P., Gao, L.J., Liu, B.S. Effect of applying polyacrylamide water retaining agent on Eggplant. Vegetable, 1(12):59-61(2011) (in Chinese with English abstract).",
D652,225,"225.            Huang, W., Zhu, H., Zhang, J.H., Zhu, X.W., Zhang, L.F. Effect of applying water absorbent on red pepper. Northern Horticulture, (20):19-21(2010) (in Chinese with English abstract).",
D652,226,"226.            Xu, L.Y., Yan, C.Q., Ye, W. N., Ye, J.J., Liu, H.Q. Effect of applying drought resistant and water retaining agent on mountain pepper. Zhejiang Agricultural Science, (05):886-887(2009) (in Chinese with English abstract).",
D652,227,"227.            Wang, W.H., Fan, C.W., Zhou, R.R., Lin, H.X., Lin, H.M., Li, S.Z. Effects of different application rates of drought resistant and water retaining agent on growth characters and yield of Chinese cabbage. Modern agricultural science and technology, (19):87+91(2013) (in Chinese with English abstract).",
D652,228,"228.            Pan, H.C. Effect of drought resistance and water retaining agent on peanut sweet potato rotation system in dryland. Fujian agricultural science and technology, (01):46-47(2006) (in Chinese with English abstract).",
D652,229,"229.            Zhang, J.X., Jiang, F. W., Zhao, Z.G., Liu, Y.L. Effects of cultivation mode and water-saving measures on the agronomic characters and yield of peanut in Barren dryland. Anhui Agricultural Science, 47(24):32-33,106(2019) (in Chinese with English abstract).",
D652,230,"230.            Pan, H.C. Application test of fight a drought water-retaining agentia for peanut and sweet potato crop rotation in dryland. Academic Periodical of Farm Products Processing, (Z1):114-116(2005). (in Chinese with English abstract).",
D652,231,"231.            Xu, L.Y., Ye, W.N., Yan, C. Q. Test report on effect of applying water retaining agent in mountain pepper. Vegetable, (03):29-31(2009). (in Chinese with English abstract).",
D652,232,"232.            You, S.R. Effect of new bio-based/paper film on tomato plant growth physiological and soil physical and chemical properties. Ningxia University 2018, Dissertation for the master degree. (in Chinese with English abstract).",
D652,233,"233.            Zhang Y. L., Wang, H.Y., Liu, G.J., Cao, B. Effect of dipping root with the biogas slurry and water-retaining agent on the growth and development of cucumber. Northern Horticulture, (08):36-37(2011).",
D652,234,"234.            Wu, S.N. Study on the effect of the conservation tillage and water retaining material to the soil water-heat and soybean growth in dry farmland. Inner Mongolia Agricultural University 2019, Dissertation for the master degree. (in Chinese with English abstract).",
D652,235,"235.            Shi, J.G. Effects of super absorbent polymer and soil conditioner on soil properties and carrot growth. Inner Mongolia Agricultural University 2008, Dissertation for the master degree (in Chinese with English abstract).",
D652,236,"236.            Chi, W.Z., Zhou, B., Sheng, W., Liu, Q.L., Hu, A.J. Application of water retaining agent in cotton production. Jiangsu agricultural sciences, 41(05):73-75(2013) (in Chinese with English abstract).",
D652,237,"237.            Bai, Y.H., Liu, R.J., Zhou, J.T. Analysis on the effect of drought resistant water retaining agent in cotton cultivation. Inner Mongolia Agricultural Science and Technology, (3):50~51(2008). (in Chinese with English abstract).",
D652,238,"238.            Li, P., Feng, Y.Z., Li, X",".C. Effects of drought-resistant agents (DRA) and super absorbent polymers (sap) on the yield and water use efficiency of cotton. Xinjiang Agricultural Sciences, 48(6):1125-1129(2011). (in Chinese with English abstract)."
D652,239,"239.            Zhai, Y.M., Wei, L.P., Yang, Q. Effects of regulatory measures on characters of greenhouse saline soil and tomato yield and quality. Journal of Jiangsu Agriculture, 31 (04):871-876(2015). (in Chinese with English abstract).",
D652,240,"240.            Wang, L.L., Song, T., Gao, Z.S. Effect of mixed liquid fertilizer on growth, yield and quality of Tomato. Guizhou agricultural sciences 44(10):62-65(2016). (in Chinese with English abstract).",
D652,241,"241.            Wang, Y., Liu, S.W., Wang, Y., Zeng, L.Y. Effects of polyacrylamide copolymer on growth of flowering Chinese cabbage in laterite soil. Guangdong Agricultural Sciences, 40(17):24-26(2013) (in Chinese with English abstract).",
D652,242,"242.            Tan, H.L. Experimental study on drought resistant multifunctional compound fertilizer on summer tomato. Bulletin of agricultural science and technology (02):57-59(2009) (in Chinese with English abstract).",
D652,243,"243.            Zhang, M., Zhao, H., Xiao, H.J., Wei, Q.Q., Gou, J.L., Wang, L.X. Effects of biochar，urease inhibitor and water retention agent on pepper in Guizhou. Journal of Nuclear Agricultural Sciences, 33(6):1232-1239(2019) (in Chinese with English abstract).",
D652,244,"244.            Wang, R., Liu, J.Q., Zhou, H.X., Lan, Z.Q., Han, Z.Y., Zhang, X.Y. Effects of bio-organic fertilizer and water-retaining agent on cucumber growth and soil fertility under continuous cropping in greenhouse. Journal of Henan Agricultural Sciences, 47(8):45-53(2018) (in Chinese with English abstract).",
D652,245,"245.            Zhou, M.J., Liang, Y.L., Chen, J.R., Xiong, Y.M., Wei, Z.X. Effects of soil covering on solar greenhouse pepper water use efficiency and soil nitrate N and available phosphorus contents. Chinese Journal of Applied Ecology, 18(6): 1393-1396(2007) (in Chinese with English abstract).",
D652,246,"246.            Geng, G.J. Effects on soil moisture, temperature, salinity and tomato growth by soil surface mulching, super absorbent and PAM in Hetao Irrigation Area. Graduate university of Chinese academy of sciences 2011, Dissertation for the master’s degree (in Chinese with English abstract).",
D652,247,"247.            Chen, H.L., Wu, Z., Liu, C.C. Effects of new aquasorb on cucumber growth and yield. Journal of Nuclear Agricultural Sciences 20(4):345-348(2006). (in Chinese with English abstract).",
D652,248,"248.            Liu, P. The application research of soil finishing agent- guilspare with subsurface drip irrigation on soybean. Xinjiang Agricultural University 2009, Dissertation for the master’s degree (2009) (in Chinese with English abstract).",
D652,249,"249.            Mi, Q.R., Wang, L.P. Effects of water retaining agent coating and furrow application on physiological characteristics and yield components of peanut. Crops (04):22-23(2003).",
D652,250,"250.            Li, F.D., Zhang, H.S., Wang, J., Gu, X.H., Yang, T.T. Effects of water retaining agent on agronomic characters and yield of soybean. Journal of Shanxi Agricultural Sciences, 49(10):1189-1194(2011) (in Chinese with English abstract).",
D652,251,"251.            Huang, W., Tian, Y.Y., Zhang, J.H., Zhang, L.F. Effect of different super absorbent dosages on growth and yield of sugarbeet. Acta Agriculturae Boreali-Occidentalis Sinica,23(3):80-84(2014) (in Chinese with English abstract).",
D652,252,"252.            Niu, Y.H., Li, Z.J., Hao. M.D. Effects of Application of Water-holding Agent on Arid Areas in Loess Plateau. Research of Soil and Water Conservation, (03):11-12(2007).",
D652,253,"253.            Li, Y., Ren, L., Gu, J.Z., Deng, L., Yin, J.H. Effects of different cultivation techniques on dry matter accumulation, yield and quality of peanut. Agricultural science and technology communication, (05):128-130(2018). (in Chinese with English abstract).",
D652,254,"254.            Cheng, X.B. Effects of different dosage of water retaining agent on soil physical and chemical properties and cabbage yield. Modern agricultural science and technology, (03):60-61(2020). (in Chinese with English abstract).",
D652,255,"255.            Cheng, Y.X., Wu, H., Liu, Q.J., Shi, Z.Y., Jia, K., Chen, Y.L., Yu, A.W., Shen, J.X. Influences of water-retaining agent with different doses on growth and quality of bag-type compound shape pepper. Journal of Agricultural Science and Technology, 23(8):55-62(2021). (in Chinese with English abstract).",
D652,256,"256.            Xu, S., Zhang, L., McLaughlin, N.B., Mi, J., Chen, Q., Liu, J., 2015. Effect of synthetic and natural water absorbing soil amendment soil physical properties under potato production in a semi-arid region. Soil and Tillage Research 148, 31-39. ",
D652,257,"257.            Yang, F., Cen, R., Feng, W., Liu, J., Qu, Z., Miao, Q., 2020. Effects of super-absorbent polymer on soil remediation and crop growth in arid and semi-arid areas. Sustainability-Basel 12, 7825.",
D652,258,"258.            Hou, W.L., Zhang, Y., Liu, Y.J.  Experiment on the use of water retaining agent ""Kehan"" in spring soybean. Tianjin Agroforestry Science and Technology, (01):13-14(2006) (in Chinese with English abstract).",
D652,259,"259.            Fang, F., Huang, Z.B., Yu, M.Y., Li, Y.J. Effects of chemical treatments or coverings on growth and yield of maize grown in broad ridges. Agricultural Research in the Arid Areas, (03):20-25(2003). (in Chinese with English abstract).",
D652,260,"260.            Bi, Y.J. Preliminary Study on the Effect of ""Handibao"" water retaining agent on peanut. Modern agriculture, (04):19-20(2019). (in Chinese with English abstract).",
D652,261,"261.            Zhang, C.C., Liu, S.T., Guo, S.R. Effect of Water retaining agent on soil and growth and development of cotton root. Chinese Agronomy Bulletin, (05):487-490(2007). (in Chinese with English abstract).",
D652,262,"262.            Wang, H.M., Liu, S.T., Cao, W.M., Ma. L., Fang, W.P. Effect of aquuasorb on soil and growing development and yield of cotton. Acta agriculturae boreali-sinica, (04):79-81(2006) (in Chinese with English abstract).",
D652,263,"263.            Wang, C.Y., Li, M.S., He, S., Wang, X.F. Effect of super absorbent polymers on cotton growth and yield in Xinjiang. Journal of Agricultural Science and Technology, 14(6):108-115(2012) (in Chinese with English abstract).",
D652,264,"264.            Wang, X.J., Han, G.J., Dong, X.X., Liu, Z.H. Effects of different application methods of water-holding agent on cotton. Chinese Agricultural Science Bulletin, 24(12):280-282(2008) (in Chinese with English abstract).",
D652,265,"265.            Zhang, L.J., Yang, S.Q., Yu, L.Z., Cui, A.H., Yin, B.X., Gao, H.B., Xia, S.N. Study on drought resistant cultivation measures without irrigation in hills cotton field in Jiangxi province. Cotton sciences, 36(06):36-41(2014) (in Chinese with English abstract).",
D652,266,"266.            Liu, M., Cui, H.X. Liu, J.X., Zhang, X.S., Zhuang, Y. Study on the integrated experiment of high efficient agronomic water saving technology for cotton. Cotton Science, 36(06):36-41(2014) (in Chinese with English abstract).",
D652,267,"267.            Wu, X.L., Wang, X.Y., Ge, C.H., Sun, J.S., Liu, Y., Adlait, M. Effect of soil water retention agent and influence on cotton production under drought condition. Chinese Agricultural Science Bulletin, 30(27):198-201(2014) (in Chinese with English abstract).",
D652,268,"268.            Liu, W.L. Effect of polyaspartic acid water-retaining agent on soil microecology and isolation and identification of degrading bacteria. Tarim University 2021, Dissertation for the master’s degree (in Chinese with English abstract).",
D652,269,"269.            Wang, Z.Y., Lei, Z.Y., Li, L.K., Wang, C.R., Han, B.Q., Ren, C.P. Proper using method of water-keep-matter in dry farming section, which increased sweet potato’s production. Chinese agricultural science bulletin, (05):162-163(2004) (in Chinese with English abstract).",
D652,270,"270.            Xiao, F.L., Lv, W.S., Han, D.P., Li, Y.Z., Zheng, W., Xiao, X.J., Huang, T.B., Tao, G.H., Wang, X.T., Xiao, G.B. Influence and evaluation on sweet potato growth and economic benefits of different cultivation measures in red soil dry land. Crop research, 35(2):133-140(2021) (in Chinese with English abstract).",
D652,271,"271.            Pan, H.C. Effect of applying drought- resistant and water- absorbent polymer on sweet potato. Academic Periodical of Farm Products Processing, (03):68-69(2006). (in Chinese with English abstract).",
D652,272,"272.            Yang, Y.H., Guo, Y.H. Application test of drought resistant and water absorbent polymer for sweet potato in mound land and dry land. Journal of Anhui agricultural sciences, (29):9250+9310(2007) (in Chinese with English abstract).",
D652,273,"273.            Chen, J.H., Ding, A.N., Lin, C. Study on the application of agricultural water retaining agent on sweet potato in Humid Hilly areas. Modern agricultural science and technology, (10):12(2016) (in Chinese with English abstract).",
D652,274,"274.            Zhang, Y.L., Liu, X.H., Zhang, L.P., Li, X., Xie, H.K. Application effect of self-made water-keeping agent on drought resistance cultivation of sweet potato. Hunan Agricultural Sciences, (15):29-31(2012) (in Chinese with English abstract).",
D652,275,"275.            Du, S.N., Geng, G.J., Bai, G.S., Yu, J. Effects of super absorbent with different application methods on soil moisture and sunflower growth. Journal of Soil and Water Conservation, 25(04):139-143(2011) (in Chinese with English abstract).",
D652,276,"276.            Zheng, T.H., Tang, C.J., Xu, M.Z., Cai, Y.H., Chen, X.A. Response of surface soil water contents to rainfall on red soil sloping farmland under different soil conservation measures. Research of soil and water conservation, 27(05):113-119(2020) (in Chinese with English abstract). ",
D652,277,"277.            Xu, B., Yu, J., Li, Z.K., Lu, Y.Z., Tian, D.L., Song, R.Q. A preliminary study of the effect of chemical control measures on the growth of sunflower in saline. China Rural Water and Hydropower, (05):1-4(2017) (in Chinese with English abstract).",
D652,278,"278.            Wei, R., Tian, X.F., Zhai, S., Zhu, P.F., Guo, X.S., Yang, W.P., Fan, Z. Effects of polymer coated urea combined with super absorbed polymer on yield and nitrogen use efficiencies of winter wheat. Chinese Journal of Soil Science, 51(4): 936-942(2020) (in Chinese with English abstract).a",
D652,279,"279.            Wei, Q.Q., Gou, J.L., Zhang, M., Chen, L., Gu, X.F. Effects of water retention agent and urease inhibitor on the growth of Guizhou alpine cabbage. Water Saving Irrigation, (08):114-120(2022) (in Chinese with English abstract).",
D652,280,"280.            Tian, L., Liu, J.H., Zhao, B.P., Mi, J.Z., Li, Y.H., Fei. N. Effects of combination of water-retaining agent and microbial fertilizer on dry matter accumulation allocation transportation and yield of oat in rainfed farmland. Chinese Journal of Ecology, 39(09):2996-3003(2020) (in Chinese with English abstract).",
D652,281,"281.            Tian, L., Liu, J.H., Zhao, B.P., Mi, J.Z., Li, Y.H., Fei. N. Effects of the combination of super absorbent polymer and microbial fertilizer on soil physical and chemical properties and oat yield in dry farmland. Chinese journal of Soil and Fertilizer, (04):109-117(2021) (in Chinese with English abstract).",
D652,282,"282.            Chen, X.J., Wang, W.J., Wu, Y.J., Quan, Q., Zhou, Q.C., Zhang, W.J., Li, W., Zhao, S.X. Effect of water retaining agent content on growth and yield of maize under furrow irrigation. Inner Mongolia Water Conservancy, (10):11-12(2021) (in Chinese with English abstract). ",
D652,283,"283.            Xiao, R., Zhang, Y.L., Zhao, Y.C., Guo, S.K., Cui, Z.T., Shi, S.J., Wu, K.Q., Yu, H.Y. Effects of different drought resistance measures combined with microbial fertilizer on soil amelioration and yield of seed maize in Hexi Corridor. Journal or soil and water conservation, 35(03):341-349(2021) (in Chinese with English abstract).",
D652,284,"284.            Shan, G.P., Wei, T.Y., Shan, L.J., Wang, Y.P. Effect of different dosage of water retaining agent on yield and benefit of wheat in depression and ridge. China Agricultural Technology Extension, 38(03):82-83(2022) (in Chinese with English abstract).",
D652,285,"285.            Li, R., Mian, Y.M., Hou, X.Q., Li, P.F., Wang, X.N. Effect of super absorbent polymer rate on sandy soil property and maize yield under straw returning. Journal of Agricultural Machinery, 52(09):260-271(2021) (in Chinese with English abstract).",
D652,286,"286.            Wu, R.H., Zhang, C.Y., Zhuang, K.Z., Li, L., Dong, X.C., Gong, J.H. Comparison of drought resistance of water-retaining agent and rooting powder to maize in Lunan region. Shaanxi Journal of Agricultural Sciences, 67(02):58-61(2021) (in Chinese with English abstract).",
D652,287,"287.            Zhou, Q., Wang, L., Xu, Y., Deng, C.C., Chang, H., Cai, X.B., Wang, Y.C., Liu, Z.G., Zhao, H.P., Zhang, Y., Zhang, X.P. Journal of Anhui agricultural sciences 50(12):188-192(2022) (in Chinese with English abstract).",
D652,288,"288.            Cao, X.L., Li, J.M. Application Test of ""Hankewei"" Water Retaining Agent in Potato Planting in Dry Farming Area. Agricultural technology and equipment, (02):55-56+58(2021) (in Chinese with English abstract).",
D652,289,"289.            Wei, R., Tian, X.F., Zhai, S., Zhu, P.F., Guo, X.S., Yang, W.P., Fan, Z. Effects of polymer coated urea combined with super absorbed polymer on yield and nitrogen use efficiencies of winter wheat. Chinese Journal of Soil Science, 51(04):936-942(2020) (in Chinese with English abstract).",
D652,290,"290.            Wang, X., Guan, Y., Kong, Y., Li, C.S. Analysis of the effect of water retaining agent on reducing the amount of oat fertilizer. Modernizing Agriculture, (01):32-33(2020) (in Chinese with English abstract).",
D652,291,"291.            Guo, X.X., Zhang, R., Sun, Z.H., Zhang, L.P. Effect of water retaining agent on soil moisture and heat and potato yield. Agricultural Science-technology and information,(18):33-36+42(2021) (in Chinese with English abstract).",
D652,292,"292.            Tian, L., Liu, J.H., Zhao, B.P., Mi, J.Z., Li, Y.H., Wang, Y., Fei, N. Effect of combination of super absorbent polymer and microbial fertilizer on soil microbial biomass carbon, nitrogen and enzymes activities of oat farmland in dry area. Journal of soil and water conservation, 34(05):361-368(2020) (in Chinese with English abstract).",
D652,293,"293.            Zhen, Q. Study on the mechanism and effect of interaction between water retention agent and different fertilizers. Beijing Forestry University, Dissertation for the master’s degree (2021) (in Chinese with English abstract).",
D652,294,"294.            Tian, L., Liu, J.H., Zhao, B. P., Mi, J.Z., Li, Y.H., Fei, N. Effect of combined application of super absorbent polymer and microbial fertilizer on Oat growth and water utilization in dry farmland of Loess Plateau. Bulletin of soil and water conservation. 40(03):317-324(2020) (in Chinese with English abstract). ",
D652,295,"295.            Wang, Z.Y. Effects of different water-retaining agents and covering materials on soil environment and rapeseed growth. Xinan University 2020, Dissertation for the master’s degree  (in Chinese with English abstract).",
D652,296,"296.             Yu, F.H. Effects of Different dosage of super absorbent polymers on soil properties and soybean growth and development. Northeast Agriculture University 2021, Dissertation for the master’s degree (in Chinese with English abstract).",
D652,297,"297.             Liu, Z.Q. Experimental study on the application effect of different drought-resistant and water-absorbent polymer. Agricultural Disaster Research, 11(06):1-2(2011) (in Chinese with English abstract).",
D652,298,"298.            Ma, W.B. Effects of different dosage of SAP on corn growth characters, yield and soil properties. Northeast Agriculture University 2021, Dissertation for the master’s degree (in Chinese with English abstract).",
D652,299,"299.             Pan, Y., Liu, C.Q., Hu, A.L. Preliminary report on the experiment of replacing plastic film with corn water retaining agent and water fertilizer integration technology in Huanxian County. Information of agricultural science and technology, (22):40-42(2021) (in Chinese with English abstract).",
D652,300,"300.            Kang, Y.L., Wu, J.C., Zheng, H.L., Yang, Y.H., Pan, X.Y., Tian, Z.H. Effect of long-term application of water absorbent on winter wheat growth and water use efficiency. Bulletin of soil and water conservation 40(04):83-90(2020) (in Chinese with English abstract).",
D652,301,"301.            Dou, J.G., Liu, F.M., Gao, Y.S., Sun, Y.Y., Hou, Z.H., Wan, C.S., Wang, L.C., Liu, H.T. Effect of saving fertilizer and increasing efficiency technology on maize yield in western of Jinlin Province. Heilongjiang Agricultural sciences, (03):1-4(2020) (in Chinese with English abstract).",
D652,302,"302.            Zhao, H.X., Yang, J., Wang, Y.M., Mei, R.F., Zhang, R.X., M.X. Effects of increased application of exogenous soil conditioner on soil bacterial community diversity in drip irrigation maize field. Water saving irrigation, (06):57-65(2022) (in Chinese with English abstract).",
D652,303,"303.            Chen, K.J., Li, J.H., Zhao, W.T., Yang, Y., Wu, H.J., Li, J.M. Experiment on the Application Effect of Drought resistant Water retaining Agent on Potato. Bulletin of agricultural science and technology, (10):112-114(2021) (in Chinese with English abstract).",
D652,304,"304.            Yan, D. Application of drought-resistant and water-retaining agent in combat drought technology of maize. Inner Mongolia Agricultural University 2021, Dissertation for the master’s degree (in Chinese with English abstract).",
D652,305,"305.             Li, H.T., Wang, L., Li, X.L. Experiment on Replacing Plastic Film with Water Retaining Agent in Potato. Bulletin of agricultural science and technology, (01):134-136+139(2022) (in Chinese with English abstract).",
D652,306,"306.            Nejatzadeh-Barandozi, F., 2019. Investigation of super absorbent polymers and zinc sulfate on the yield and yield components of Calendula officinalis L. Acta Scientiarum Polonorum Hortorum Cultus 18.",
D652,307,"307.            Sunitha, S., George, J., Suja, G., Jyothi, A.N., Rajalekshmi, A., 2020. Water smart technologies for irrigation water management of elephant foot yam in tropical zones of India. J WATER CLIM CHANGE 11, 1495-1504.",
D652,308,"308.            Tian, L., Liu, J., Zhang, S., Zhao, B., Mi, J., Li, Y., Wang, F., 2022. Effects of strip cropping with reducing row spacing and super absorbent polymer on yield and water productivity of oat (Avena sativa L.) under drip irrigation in Inner Mongolia, China. SCI REP-UK 12.",
D652,309,"309.            Li, X., He, J., Hughes, J.M., Liu, Y., Zheng, Y., 2014. Effects of super-absorbent polymers on a soil–wheat (Triticum aestivum L.) system in the field. APPL SOIL ECOL 73, 58-63.",
D652,310,"310.            Salavati, S., Valadabadi, S.A., Parvizi, K.H., Sayfzadeh, S., Hadidimasouleh, E., 2018. The effect of super-absorbent polymer and sowing depth on growth and yield indices of potato (solanum tuberosum l.) In Hamedan province, Iran. Appl Ecol Env Res 16, 7063-7078.",
